WKT,fid
261890.286084122 467686.746303565,1
195690.843817445 344647.517191435,2
191950.58345564 343873.93010534,3
195682.20470705 344644.445373194,4
191969.912486679 343878.319372069,5
105882.665243269 528661.393215803,6
105882.665243269 528661.393215802,7
257114.074649393 488885.76871147,8
259558.409049649 489143.872326405,9
259297.253762808 489947.526056629,10
259794.907804726 488901.19178482,11
260179.411858778 489757.215630377,12
259366.475991902 489798.767985903,13
257030.500989386 488993.966651339,14
191035.278132482 570988.501210851,15
191685.596064359 573038.539750368,16
191031.404681934 570987.3542908,17
193096.592242348 571598.851712053,18
156662.266883645 471803.580485601,19
163300.961670272 474956.746674577,20
159663.498465451 473160.586130517,21
159663.498465451 473160.586130517,22
215342.46910286 567034.839759989,23
265801.883942012 522267.046609225,24
265801.883942011 522267.046609225,25
245180.159205108 440018.749706614,26
183371.092948401 318783.665935704,27
182069.712110017 317937.768390754,28
183110.816780724 315282.951480449,29
182473.140169916 316180.904258934,30
181559.647976657 318600.391136386,31
180450.960697685 317956.213152161,32
181813.813439821 317241.920557408,33
182673.297179971 316650.248159975,34
182461.504868841 318172.097445024,35
182429.277756796 316506.705017466,36
182488.271290217 316768.748080877,37
265055.893301059 495094.26479967,38
119897.834618592 418871.132430616,39
119665.340719604 422736.359006031,40
103285.186773815 414954.990815278,41
169516.779521918 446373.755947377,42
169354.016428377 446501.12607431,43
168004.288733231 447126.213568918,44
218889.978888279 486575.713739182,45
104150.839121254 432664.474999682,46
231086.100757106 476629.73134558,47
198447.625862238 395955.662582639,48
123485.213001251 473901.458507645,49
82692.5342610077 387887.716065943,50
81680.1945250804 380240.935560635,51
83585.2351966752 384218.453077775,52
83022.8934372127 376442.62392107,53
82867.4586940439 387196.196330337,54
83409.2899571835 378115.447074408,55
81908.9301007205 380166.390234604,56
79953.2376323926 385867.982312178,57
83174.7051377231 380495.127719116,58
82773.7610217958 380111.329431545,59
85329.148564746 379040.161251398,60
197886.106464304 326239.139462347,61
197789.619266967 326271.479740769,62
199007.42694807 326872.641340644,63
198531.830176039 324843.603030327,64
181093.676481228 328348.815097832,65
180052.57181052 324483.714007829,66
180798.839561451 327536.471954423,67
181037.263349485 325756.38292834,68
180111.110546156 324576.081245633,69
250166.302900708 460900.223525669,70
249919.361103004 463894.394253448,71
252554.988942144 465232.799015511,72
252907.280968472 463561.235276561,73
45029.8648736159 360017.5587668,74
45597.0294147546 359265.047446037,75
45017.3567214226 360034.154525957,76
88550.4913055346 470926.220657475,77
88550.4913055346 470926.220657475,78
194720.454490048 419322.668539063,79
193982.66666644 419471.209886582,80
204479.1394 527886.8113,81
204119.718356858 529494.98681089,82
204301.973638807 523149.653423964,83
203337.688562082 531306.929750249,84
202515.871086275 525157.86183055,85
200608.971169479 525912.715491783,86
198988.180953463 517947.310375861,87
195067.915901167 524664.905250075,88
197845.076620473 523484.14698066,89
200649.592764977 523759.409608909,90
203050.491819867 530721.68662324,91
200649.565682517 523759.387990968,92
202959.817875102 525603.49283918,93
97585.9200488717 458822.818010772,94
189720.966570259 559511.661911757,95
187056.692135641 389975.690751359,96
189311.440550477 377403.032756922,97
190665.056120451 376059.9103309,98
192774.178055063 378641.22374341,99
188188.674147474 380582.455374769,100
187401.688350977 381379.934315219,101
190678.778023135 376097.306693292,102
190977.851133333 376866.2602,103
189218.077079624 377241.262757847,104
189257.669139618 377922.491999028,105
188471.768115021 379177.346096323,106
186909.468247143 390001.373246898,107
187408.132753911 381406.418688453,108
268475.835739447 487858.716861522,109
269406.601478463 486157.662235045,110
266999.448705146 483317.221962531,111
266614.304261416 481455.6904845,112
265519.645966562 478166.905629993,113
266766.574478838 478611.669940104,114
266893.649996012 479930.078430791,115
266925.418875306 476348.137290432,116
266512.423444488 475442.724230564,117
267505.200922415 474402.293433697,118
265726.143681971 472845.618348308,119
266527.982493756 481845.445743877,120
266183.258830754 486005.758961622,121
265662.72520512 486720.685416937,122
266544.864158769 485169.878857852,123
264263.959310592 472028.594016594,124
264989.223176184 472883.01446099,125
264591.818318326 472429.310581602,126
264416.297839438 473803.669048363,127
266270.853842779 472154.438888249,128
269262.705500057 486204.522576554,129
268347.120277557 488026.925249988,130
266502.241032003 484428.794677118,131
265692.842630333 478307.947678496,132
112409.961938517 433258.663329915,133
219058.935287759 547645.03142896,134
213712.944876112 551812.800628169,135
223023.156573114 543671.077038888,136
223147.520837426 544136.636443763,137
219660.51764487 548180.937764592,138
215013.454228396 550285.666270161,139
213636.489526036 551913.760799713,140
219479.1394 542886.8113,141
216412.526742506 546322.22387373,142
216992.250210684 550700.852267596,143
209755.162575768 542992.600073115,144
212224.064867888 547610.01275685,145
214429.115006651 542785.287666906,146
216406.344360189 546310.227616353,147
218950.192278641 551246.294781108,148
239479.1394 562886.8113,149
234479.1394 552886.8113,150
239479.1394 552886.8113,151
239486.930997471 560128.780729754,152
236649.41726477 553968.723126453,153
237361.586477557 557241.962392914,154
243113.722426986 555420.452675594,155
237588.866271062 571537.447375241,156
242981.534788909 559179.975393884,157
239945.593529745 566333.630085018,158
239738.240459076 569231.120604975,159
238716.436049552 570058.782176689,160
238399.6766826 565583.278862975,161
242415.368012028 565092.812746404,162
243386.082201076 560770.580094118,163
242343.841703362 562558.737810785,164
240116.3080906 557674.512733261,165
236347.709999812 555324.834770668,166
234311.079169803 551155.899252004,167
237319.227847112 552100.318022787,168
243370.503674721 553359.543050498,169
243414.119510402 555197.048548737,170
239796.631829856 561049.942624692,171
238831.074129639 569678.673985529,172
238532.266167025 552183.54510578,173
237263.920159922 572315.689914017,174
236718.007123682 553969.201112276,175
234461.742648607 552065.472500684,176
250325.234760108 553779.275250263,177
179226.137840258 607781.616197748,178
179226.137840258 607781.616197748,179
109870.895169171 546992.769559319,180
109292.160355632 540575.825549691,181
109523.949540351 539402.330574492,182
108231.0733911 538678.766946399,183
116318.046394441 567455.070925114,184
119631.355248875 563601.5486705,185
119594.381055247 563660.111745728,186
112100.342131173 564376.385356459,187
121612.1377162 568499.483498794,188
122187.291007051 566917.32740556,189
121576.919505198 568556.249864038,190
120755.84722944 564713.310082966,191
119894.365198262 562841.901936991,192
116536.088781951 572705.876710784,193
119133.161282742 573583.435551174,194
113605.843204907 558002.731488328,195
111024.490001429 561042.732295894,196
113059.651288743 568611.285673791,197
56632.8557448308 427835.086230093,198
52094.1653811074 425071.77120922,199
58936.8572042654 428936.33869348,200
207215.010310705 611550.273767475,201
149958.284757064 601609.680931566,202
152127.4289823 602196.927048597,203
149759.706856217 601238.542008365,204
145277.089913901 599000.938905695,205
143398.06599315 598999.440546906,206
149958.284757064 601609.680931566,207
147512.846141813 601125.430423245,208
133227.636187858 590256.739736638,209
134670.172978337 590470.839666078,210
132955.183221583 590216.302528213,211
129381.823224711 588094.728426495,212
135311.561535963 590610.24452249,213
129074.839205097 587949.926832686,214
133334.892978406 591088.845965919,215
223894.743461579 536134.228409558,216
223894.743461579 536134.228409558,217
152716.895451752 476344.289294685,218
149479.1394 477886.8113,219
141846.943109003 480542.550239759,220
150917.818622226 477322.441751742,221
142085.871443238 480206.469489843,222
116190.636246273 509844.983795545,223
116190.636246273 509844.983795545,224
119362.850415818 510358.200293737,225
119362.850415818 510358.200293737,226
241225.310348004 544150.90855084,227
241179.590624256 497910.857731451,228
242084.975451864 498712.440427122,229
227010.753844774 558319.495660528,230
222310.758648189 556326.194126262,231
222415.669255256 560061.011737833,232
224034.684879054 555178.42364608,233
224230.139849624 558100.940825077,234
223654.003976674 558088.100549036,235
187652.635906687 328752.243157732,236
190919.101811033 326370.716223487,237
189188.265295982 325368.652977931,238
190671.83945174 325069.335385103,239
190528.687559518 324158.368798233,240
189479.1394 322886.8113,241
196929.293605443 318744.242100565,242
197433.239354833 319005.396173123,243
193481.224598377 322019.848239064,244
195408.95397764 322088.389728104,245
194783.512890146 322319.717253616,246
197213.018336574 318864.194179849,247
194017.256973413 322949.217549397,248
193464.065421996 321980.959722361,249
192745.530716797 323874.093064937,250
190902.310620027 326392.97467722,251
190750.726911787 325076.376540543,252
190712.586935061 325942.983260298,253
190371.678776678 326728.698340091,254
190134.634603733 325805.346857381,255
189866.717792094 325667.002925882,256
189520.777232192 322984.58561215,257
189584.755484923 325484.669982794,258
188949.875631633 328049.592694834,259
187619.778936263 328865.336641145,260
187244.346624957 328614.70857499,261
181419.021690824 320072.032965705,262
184464.252852645 319486.411588432,263
183279.996289714 321126.151444797,264
184256.031918503 321074.096211261,265
185713.578457494 321893.966139444,266
186689.614086283 318263.11360035,267
188857.923987671 311338.367842718,268
188192.32122855 309693.198758853,269
189272.355894294 308625.722635734,270
187878.357662927 316135.73112544,271
189485.851118917 315708.740676192,272
192600.369689899 315558.038164693,273
194371.124200014 313875.193452953,274
194936.258618135 315407.335653194,275
191206.371458532 312167.231655963,276
190239.363676413 309818.784185102,277
190729.146838785 308261.524899611,278
194119.953347515 309416.910821105,279
196644.220415125 308223.849271737,280
193877.782783898 311940.34065254,281
191005.016158446 314098.107584546,282
188045.548129137 318837.610511281,283
182668.335255629 319941.333062731,284
184719.187613569 320125.383915367,285
185521.123471481 319507.49891009,286
188492.230092599 310528.446599366,287
188437.323612628 311403.636816554,288
188168.933552326 310839.771460506,289
188843.602144278 312149.711938311,290
188617.071084207 311763.131759711,291
189109.529910449 312634.78388216,292
190485.952329796 311795.141583416,293
191510.266688381 313070.609943384,294
192285.889339712 312770.210059376,295
192564.128576539 311997.049702176,296
192684.780988969 311497.20399354,297
191901.771455243 313563.068769626,298
192290.813927975 313400.557356966,299
190759.266978361 313511.360592871,300
190830.673508166 314668.638834541,301
191512.728982512 314796.678129364,302
191502.879805987 314215.576714398,303
193243.721756754 313821.609653404,304
187811.446799336 317577.635222648,305
191211.024814562 317475.306787407,306
192632.253081797 317941.46965906,307
193100.63107369 308665.288304337,308
192618.193367352 310448.681623272,309
191482.199347373 307370.569389586,310
192002.677877513 307963.253033734,311
192246.37013729 308598.056327721,312
192613.412800164 309103.492125776,313
195024.051807541 308509.547149818,314
194517.248085136 310527.311001641,315
195673.495441788 309581.290437107,316
196710.295757463 309022.278285337,317
199323.797014028 308272.150868005,318
199008.456825851 307459.910989365,319
198067.214142956 307364.353356584,320
193537.782349129 307713.138716235,321
192768.54340524 309614.73560858,322
199077.77546686 307769.112923452,323
191131.807930964 312469.007277733,324
194279.690494472 313847.444391199,325
194829.61595469 315394.345897797,326
191807.791547304 317687.435600578,327
192237.314328741 310791.555154422,328
191334.192639517 312078.68126298,329
187612.199892889 317303.719304785,330
185548.116049573 321462.179184326,331
185571.387914877 319344.513342928,332
184251.72168738 321068.183879191,333
180716.203600174 320860.430178508,334
185973.854625171 317378.174630248,335
186012.896050323 319069.969720149,336
183018.908308268 319148.161531135,337
183610.500334597 319227.040467979,338
185275.722334634 317123.602152143,339
186818.1565124 317933.144943892,340
185815.052385583 317399.725774196,341
185993.307177175 318955.525675946,342
186289.359050891 319085.14959928,343
186218.906736649 317673.703020201,344
186223.099797807 319202.322003629,345
185968.017121998 319475.475857705,346
185736.513617467 318540.613825056,347
183573.726287189 319258.741600648,348
183012.741506786 319346.529989816,349
182876.61532552 319585.397261727,350
182856.91961905 319615.720411538,351
182855.196257723 319653.598205781,352
182402.568376654 319834.647831928,353
188578.432593084 350959.953961161,354
187720.827918051 350294.571023635,355
187905.656511808 350952.56081741,356
183626.773958346 344467.943777227,357
183234.945133629 341132.620366834,358
176382.677846275 320267.240091463,359
188522.879559681 350965.074866558,360
182187.836987775 337482.567841133,361
58641.9298304647 417987.324514645,362
58626.6984431244 418057.631266393,363
60154.5649003301 411005.133335008,364
23615.1729491284 372071.451031557,365
184997.497884534 373123.60224738,366
187832.1731043 582335.947597586,367
74879.7341538602 420719.249917749,368
75007.0055240763 420662.005344335,369
61045.1908378709 426941.800434387,370
94105.3670444755 412816.56579191,371
99479.1394 412886.8113,372
96949.9087684904 413440.53250017,373
97030.4945785838 413477.845826242,374
95955.8329662399 412959.83502899,375
95690.9723600361 412939.349164616,376
100410.652859027 414343.02727673,377
98093.3898070082 413824.59994566,378
93789.0913452001 413530.50515818,379
91189.8476682768 414524.777510502,380
213412.623285553 535523.543479787,381
213412.623285553 535523.543479787,382
165695.279369084 515571.987872055,383
154479.1394 552886.8113,384
134479.1394 547886.8113,385
139479.1394 532886.8113,386
169479.1394 532886.8113,387
139479.1394 527886.8113,388
159479.1394 507886.8113,389
152889.758962903 536651.998290986,390
152888.897956534 536649.464772994,391
156608.751038931 547595.161640782,392
155002.58815394 560069.590978137,393
153873.825277332 565041.794492537,394
156656.002479957 551768.00556983,395
155429.470820001 558222.064356865,396
153931.333718865 564964.472107694,397
121422.343176814 495951.424116091,398
121422.343176814 495951.424116091,399
118799.020467121 496140.010553197,400
123610.931267121 496089.653121009,401
125957.40640435 494887.94213181,402
123931.045449002 495728.97386252,403
120587.538339475 498117.989898723,404
138768.294613617 395786.731082304,405
144479.1394 397886.8113,406
142712.81962808 397005.997944806,407
147866.490671982 396156.396280561,408
145042.944106394 395963.851812082,409
141951.18018429 397179.606763949,410
146618.579835452 397832.631644956,411
139325.080757367 381892.73411029,412
142933.492217782 381734.122617525,413
144986.043170819 384654.35157659,414
143918.268569742 385630.909251948,415
150413.245364448 382723.077538947,416
135255.919513231 386287.050739543,417
139878.51018027 383759.594052658,418
144660.432604068 383347.275578525,419
138385.296148551 381374.362494134,420
150211.638695716 382679.401311344,421
141175.817854228 382181.544558844,422
144705.872060058 383783.023386122,423
144195.245739126 378091.955596463,424
139250.482126451 380856.476094352,425
138859.94514233 380677.426275578,426
135181.65338493 386279.30440414,427
101999.396957117 494166.790525542,428
94479.1394 482886.8113,429
98032.6945105941 486567.796443211,430
99221.307579407 496300.629893206,431
102469.387566247 495836.618466515,432
99631.7792260956 489126.299372822,433
100684.728232819 484093.560052553,434
91190.3405789773 475652.121405435,435
103513.467439927 494232.813134546,436
97964.5366449088 486614.63755927,437
101507.696276385 487937.902063127,438
101251.970197059 483354.513146696,439
101140.724679774 483842.358122771,440
180189.07849193 512226.719055039,441
154193.476189671 444307.487120952,442
157820.705198579 445071.369728205,443
156923.205344288 444293.699883141,444
156354.594643432 444062.660567635,445
154112.982260994 444392.396040861,446
39784.3254822273 414774.939016152,447
39705.622925526 414725.138967077,448
44221.1577551078 417459.865257639,449
44045.7596158536 417878.273442147,450
43520.9336357089 417488.864101328,451
43274.8381498755 417357.149526341,452
40379.0961503634 415030.859569723,453
40415.7731159502 414415.778915254,454
40040.8414643958 415526.494946569,455
242187.997021578 445030.329946329,456
195835.710926606 318689.154913385,457
195303.20145053 318485.128294199,458
195476.624076838 319393.046749577,459
194507.497635704 320123.462046263,460
195907.294006802 318561.821852757,461
204920.863511727 459430.722312695,462
203025.409446685 461159.061333102,463
206566.801443513 460450.782933736,464
205464.112501837 458706.487581387,465
202969.021125196 461099.127116892,466
262153.047788203 483349.317332842,467
262859.145935042 479658.34974709,468
263485.648185487 484170.649679127,469
261632.187810167 480729.81977445,470
261696.416635054 481573.970044397,471
263406.061002411 479169.585565823,472
262332.796908557 483148.491064608,473
262009.158700805 480300.15130133,474
128679.981591153 410835.928030008,475
130447.524107768 410701.174126753,476
126141.59315722 410701.174126753,477
129825.182525072 411474.89609443,478
130286.888560769 410665.792003749,479
129882.202517417 411462.015356446,480
128317.707903056 410888.696477981,481
126300.794104583 410725.905997735,482
209321.490185998 597432.259658718,483
207445.398772689 593160.14784514,484
215051.94073251 595066.321844618,485
212238.064828519 593377.996302223,486
207663.247229772 601565.467480932,487
209398.539211831 597345.476656822,488
205430.020393849 601815.357649855,489
224479.1394 577886.8113,490
226333.887787483 577782.2369561,491
228734.470589808 578292.817226455,492
225270.804462835 575943.195760205,493
223400.559789987 576841.183274605,494
226334.053277461 577783.08440673,495
225988.74196319 576014.794302366,496
156788.162917894 364715.687865902,497
159805.225463882 369433.276574175,498
167051.484363387 369547.754203786,499
152953.225704791 368245.888731849,500
157503.413341425 376498.082953471,501
157199.816679754 377985.706595659,502
157554.012785037 378861.076970144,503
156526.844079717 378719.398528031,504
155631.233927787 376832.039281309,505
154808.472639061 376068.661286852,506
153727.777954706 375480.068646266,507
152801.46822526 374814.283528226,508
152132.466753993 374299.667011867,509
157235.96311842 375874.047804761,510
157357.750773866 375508.684838423,511
157305.556064389 374196.857806905,512
157458.660545521 373674.910712136,513
157827.503159157 375731.382265524,514
157396.026894149 372286.531440052,515
158878.356643291 372314.36861844,516
156947.152392648 371837.656938551,517
156564.391189817 371521.009034392,518
155962.412207184 371180.003599143,519
154038.167251138 369875.135862222,520
153081.264244062 369151.369224143,521
159034.940771722 371708.909988508,522
159219.36207854 370522.350259735,523
161522.932048597 370576.08142183,524
166961.283663667 369584.890159033,525
162914.738603936 375330.206681077,526
163996.988632036 370719.954699139,527
165318.221570642 367431.044157292,528
164879.376109407 374096.009599792,529
162247.463642282 369616.566608571,530
162200.391069403 372708.422189931,531
256415.346347025 485085.841174775,532
142831.399706178 491155.255169754,533
193910.547763151 362339.627154533,534
191704.196385095 361519.686081648,535
195542.312019139 362962.660501608,536
271248.847101155 558748.677687292,537
128176.316530884 429281.583945167,538
130245.720146934 430035.255632494,539
132532.283401706 430482.349006332,540
135163.747259153 431299.891175636,541
137003.217140087 431350.987561218,542
136441.15689869 434608.382142038,543
137859.081598577 436588.367083321,544
138331.723165206 437955.195397626,545
138265.663793917 438007.445635921,546
137217.482022627 435465.165533626,547
137728.554280848 437197.254741076,548
136948.187685196 431309.36539392,549
136314.191351245 434798.781418531,550
136568.415775718 433096.787413456,551
136521.298874583 432734.172368651,552
136450.643623215 432483.00744396,553
133844.735353374 430952.693317851,554
135658.736155455 433167.775714265,555
136191.710946217 433326.374413642,556
135903.951828528 433376.549634516,557
134314.381859209 432457.166495303,558
133833.207065391 432077.196594761,559
132467.609093587 430898.421711254,560
130032.546120378 430150.754443557,561
128576.656663475 430146.839401827,562
128230.836800721 430079.958243583,563
128215.72060787 428906.395867675,564
128238.647413923 429177.340811033,565
127981.124942252 429327.165940045,566
125549.012503489 417988.696710474,567
130586.03570645 419403.350035561,568
130466.718409666 424410.367820901,569
132460.60804575 425303.405714245,570
132629.105761475 424045.289436829,571
131082.392705775 425065.892106284,572
132548.973092599 424249.813773905,573
132457.533146568 423298.677012401,574
130415.285193333 419475.683006239,575
125485.718268197 417989.74701168,576
255179.373009782 477527.673262501,577
140734.28807344 401767.982573537,578
137697.23278838 403499.409727059,579
134479.1394 407886.8113,580
137366.760676269 406393.425017828,581
132920.070395778 405285.120353017,582
132432.289155286 407168.965143882,583
140085.408618175 408665.948950908,584
135039.395785501 409120.090105849,585
137244.037973275 406555.86429739,586
140694.074453003 401989.297341522,587
211175.531657136 385098.500494932,588
200651.401727124 406150.66315692,589
209479.1394 392886.8113,590
204329.899992829 399635.926083973,591
198239.235499363 407969.729922617,592
204329.899992829 399635.926083973,593
28735.0516557249 400884.35714956,594
32981.7430406377 400275.453206522,595
28602.3787785714 400909.596359979,596
31856.7051377442 401212.851942333,597
31644.5726166277 401300.555764149,598
25000.1851015291 399067.498324352,599
237105.020570825 536712.488493072,600
236348.166348164 532983.100264348,601
236348.166348164 532983.100264348,602
143824.477194997 505286.820775622,603
144479.1394 517886.8113,604
149479.1394 497886.8113,605
134479.1394 487886.8113,606
134192.652434523 491807.643933264,607
135575.737522561 483403.476112703,608
133548.912284632 495719.261735607,609
76678.1908332415 386336.492572542,610
84328.9598093658 462897.546229644,611
81460.4394972464 458848.42458553,612
87394.1838348028 467170.59431682,613
206498.341445252 352984.821029258,614
202070.900479471 354849.40458638,615
208475.982233571 354960.109703117,616
205716.261823471 350729.592742077,617
209780.721109406 352421.799526493,618
206151.174782083 354461.936677799,619
208823.91260046 356090.883395508,620
206498.341445252 352984.821029258,621
138182.890782751 476897.568181651,622
136395.160809416 478337.777190148,623
115088.877284687 461720.415851978,624
115043.201039391 461664.39960521,625
117341.937100271 464483.514127574,626
183143.78709333 309467.144991604,627
184223.821759074 308788.983689858,628
184213.477426167 308774.170226201,629
183100.450687662 309519.719478855,630
104479.1394 517886.8113,631
103916.171142331 510967.467120505,632
103861.421846322 506633.807433759,633
101987.529546222 503207.261513576,634
103772.18887965 501529.681740153,635
100613.341859481 500441.039546761,636
105120.262342937 518855.223360538,637
108012.905850012 519891.07551343,638
103351.028989672 507419.933225594,639
104093.235137329 519799.523801156,640
102307.272602864 507889.902045202,641
102249.92455078 507952.750635569,642
144479.1394 602886.8113,643
134479.1394 597886.8113,644
104479.1394 567886.8113,645
104479.1394 552886.8113,646
109479.1394 552886.8113,647
207926.69758624 619129.204739094,648
194831.14808327 616396.538159262,649
226394.360796127 563876.236285224,650
193271.774506051 413648.284081326,651
204223.281374097 515961.970512779,652
204223.281374097 515961.970512779,653
46706.8422566003 406036.125061779,654
69479.1394 402886.8113,655
56919.8849108461 399617.510983137,656
56990.715134533 399299.240076869,657
71544.6798308756 402835.344790927,658
70945.9885465049 392794.463993502,659
70750.5539707056 393180.306114881,660
70345.1632355554 402108.537647773,661
68438.7337816941 405596.608675876,662
68432.0728573099 407440.708033037,663
67935.0125370603 405282.751052481,664
66637.3926929983 394039.814887301,665
63947.411815967 395187.878455819,666
63780.6852891463 394483.255876421,667
63763.1018570133 394524.854541495,668
63285.5981365539 394857.853931844,669
63023.2340370251 395507.976324178,670
61933.3116152561 406564.123598826,671
61118.3251600227 398084.960317016,672
60899.7795930205 397393.510297249,673
60079.2332139962 392452.992717014,674
59562.0213539551 404418.238485904,675
59424.0526615152 401560.441979869,676
59322.5109703441 404323.727314851,677
58215.6004836033 404704.225359608,678
57355.4986941787 404325.276470539,679
57257.1831713158 403973.244799123,680
56746.1882326497 405135.174130589,681
54449.0674955875 392843.377492382,682
53698.3724454568 395748.700162018,683
52401.3503536476 405924.573231126,684
51794.0222246036 407446.559764692,685
51365.8397224881 408663.107723691,686
51611.8248836936 406581.269698985,687
51535.0947678989 406226.408064061,688
51366.8723759435 407532.795760694,689
51267.5115419559 397795.975686144,690
50784.1790361059 408996.703414594,691
50480.6686650789 410362.631532589,692
50016.5649785349 410901.497107921,693
49788.1168152696 411367.614915503,694
49524.4454555372 410996.110734658,695
48742.2611190431 411580.795527887,696
47786.074277104 411516.200808519,697
47650.8342165778 413250.409268036,698
47766.0307053963 412183.382762757,699
46933.1754981136 402691.325956606,700
45653.8017406655 402785.677795066,701
45955.5538667429 402882.434651708,702
45290.3172601851 413530.82264064,703
44824.6441037737 402645.694975222,704
44093.3884824744 402515.852528568,705
44310.9382957139 412228.376916415,706
43429.4240943157 411870.996245687,707
43399.6323877762 401461.368384102,708
43045.329476603 402103.03005533,709
42601.5657178408 402232.299470887,710
42287.3286272896 411178.952594871,711
41727.7731641204 402032.525347822,712
41660.4168925061 401834.915994142,713
41657.480897032 410707.415276059,714
41392.8547791218 401927.613737097,715
40684.0723857045 401762.199942811,716
40236.4652214737 410410.312791733,717
39443.7646166984 410188.451031637,718
38411.6325206379 402070.062272673,719
152548.285448188 495424.727418746,720
90565.3240230086 427996.089573603,721
96689.5633373114 426945.641737967,722
93336.6888831554 427414.956955,723
94012.5972104366 428033.485811946,724
92921.9136495992 428120.400200683,725
91214.9159662745 427176.597543755,726
89686.7563706245 428276.21788499,727
90119.2240993032 427346.011006538,728
90442.9548326643 427079.263615837,729
90272.1778507505 427084.124299323,730
88801.3038484412 427937.397260878,731
88211.1615516994 427300.878846975,732
86215.2402227264 428481.973522048,733
83464.0364389473 430056.071254555,734
82638.6349429118 431525.479235205,735
170932.088031784 552273.767630942,736
170932.088031784 552273.767630942,737
163392.851130599 556365.246486992,738
164121.361069186 554715.385743722,739
165449.820368962 557800.839601266,740
164528.469564279 557715.132549667,741
165364.113317363 550215.765534804,742
161892.977727627 547987.382193244,743
159321.766179673 544837.648047002,744
163542.838470897 553151.23205205,745
162670.35991796 548258.434031153,746
163836.014047986 555018.869246644,747
95160.4468167981 419736.604624297,748
113743.434399773 497313.916305027,749
113766.281146852 500137.647460078,750
114149.064533703 499518.911067646,751
114139.782830863 495983.593725223,752
112862.971089623 495922.171164264,753
112470.729366358 498325.694598859,754
130143.122694417 506086.497988772,755
130143.122694417 506086.497988772,756
129914.190478929 390524.0115855,757
197163.195202522 354596.59753829,758
197933.478831095 352165.389835606,759
201014.613345387 346604.904891845,760
200355.600621355 351119.743009073,761
199627.480402907 347574.496915057,762
203328.194305276 350523.997525278,763
203968.702480686 349306.241241166,764
204371.985405944 350523.997525278,765
201904.842804365 350919.372942198,766
199920.058211428 350935.187958875,767
197381.748034804 350927.280450536,768
201311.779678985 351654.771217669,769
203470.529455367 351797.10636776,770
204142.667664131 351488.713542562,771
197018.002651237 351805.013876098,772
203983.63359351 349418.186621014,773
200163.29876478 347167.339444944,774
196521.506190799 355739.414854001,775
189459.044255314 539652.019339684,776
189832.979651004 538988.705218785,777
187718.652105718 542659.095727295,778
188530.926701636 542316.055380755,779
224701.025926257 483845.804179926,780
224999.453084659 480511.159738693,781
183434.361812741 364405.022334944,782
184260.635535991 363997.675385968,783
183370.824241991 364536.396937714,784
182677.207367553 363509.991855904,785
180431.141886346 315495.245451569,786
182478.184334209 314653.823095699,787
180456.258971596 313925.427623453,788
180117.178320723 311740.241206716,789
182113.986598086 311275.575129594,790
180792.769424009 312938.636336261,791
180915.469992432 312127.936152033,792
179776.107571355 310681.822309896,793
179951.394097674 313249.769920478,794
182782.271497737 311308.471641488,795
180757.712118745 311128.802952011,796
180620.871470079 315695.446281516,797
180520.872576335 315625.487831674,798
180301.824861429 315744.877197711,799
106007.988316946 523662.861833308,800
192515.564032169 417197.966694412,801
176044.318828295 315673.365731964,802
176148.678851247 313912.869080828,803
174725.154431266 314307.514060594,804
174429.365093893 314985.391749675,805
176018.127145233 316150.610260218,806
175907.503823185 316245.614016524,807
175814.240517557 316232.107622386,808
174531.283600905 315579.295627902,809
174575.826356546 314188.147383586,810
174361.287696911 314932.523309348,811
174381.187833807 314321.012591572,812
173934.58037955 314600.197940335,813
182964.865639153 560829.517155079,814
179279.122968877 560138.440404402,815
182800.323555659 556814.690317814,816
183034.700576743 559940.056247731,817
179151.516689989 559632.6654421,818
253342.868637864 497054.040455591,819
256969.645482994 495593.701106446,820
254129.205210481 493090.262222196,821
254385.968172968 494983.889070539,822
258654.652424316 494149.409442456,823
255846.307522113 494390.124719787,824
252155.339936361 496059.083975954,825
253197.060870151 493345.832239152,826
229427.520001559 459240.385047095,827
170640.721350309 379515.999554777,828
173413.102578322 377881.124388863,829
170222.488599424 379762.631703012,830
172089.234365677 378464.378939124,831
199360.79534815 362334.426740537,832
202384.170323305 360439.909304807,833
199347.476559604 361697.195392532,834
128706.305112009 443498.332945577,835
127551.894892338 442347.040590559,836
124186.382836313 441475.131204399,837
200136.17862052 516391.916545307,838
207327.891903345 504320.720193056,839
208418.545557054 503914.346805952,840
207085.864367361 504410.89872887,841
204479.1394 507886.8113,842
201765.071155776 505943.359844689,843
114968.454936608 396239.364347579,844
199046.259857086 562397.62515432,845
199353.375681876 562401.446462451,846
197911.472294995 562926.261489577,847
199855.54866015 560640.616568722,848
199876.846879136 561399.742422384,849
197263.20338363 562492.095602909,850
234479.1394 502886.8113,851
224479.1394 497886.8113,852
228265.518094041 501374.833857938,853
224803.832743485 499577.402429462,854
223231.259163599 497034.517491774,855
228852.373236383 505834.237736668,856
232499.405581225 505131.59847757,857
226510.242372723 503659.401934698,858
229326.006741436 502144.05194807,859
226545.940134333 503033.954621923,860
226390.280283746 502918.127239901,861
226211.099087964 503089.648616633,862
224083.273992635 498299.80263357,863
187433.787861235 505285.133540708,864
181316.726662547 492349.032743827,865
167326.572333444 484861.026877619,866
173704.022223446 488051.510575188,867
176804.230737147 490243.920146839,868
166925.759696823 482363.852036426,869
10708.3461032558 390669.410818694,870
145505.660522308 410380.573513877,871
149185.051759763 409876.99203075,872
141161.891355812 410381.593314017,873
149222.663661668 409706.888459791,874
144631.965921571 410628.940358352,875
59227.1505999166 373268.076619836,876
36435.0985035687 418250.507867065,877
17767.9502197722 405482.270668729,878
49479.1394 437886.8113,879
39479.1394 427886.8113,880
63929.8743060085 434983.137477862,881
63873.867795873 435280.238742658,882
65120.4092671681 428667.631621712,883
64547.2767694838 429921.316613748,884
62874.3726921693 435211.496012334,885
172187.732261089 358228.019925154,886
172049.564830203 363231.129864925,887
171998.698069939 363499.83037865,888
173002.15989007 367675.613450281,889
171524.85105887 358849.103684484,890
171721.195711266 360508.932352054,891
176453.92514947 369186.42600223,892
168088.433544685 359230.11960047,893
175185.00591481 368179.518213952,894
169041.762782432 359796.292979659,895
173603.912777715 366021.918457757,896
173810.809763893 366525.442970908,897
171989.895211683 359956.490797265,898
170987.570033903 359776.887891447,899
170163.820830568 359302.050908651,900
76664.8032784307 455466.252022753,901
77866.5951561467 456045.476785885,902
76513.3958023639 455417.136945664,903
76849.940458585 454123.541768465,904
24506.5120018725 383651.176676034,905
48229.941837486 374697.197321736,906
70395.8773592475 376687.352914514,907
42713.454012698 380835.538247079,908
42709.215596267 380830.874006213,909
72577.0877227829 380428.318466285,910
61339.622413366 383664.095731027,911
56809.605136068 380295.410859472,912
50823.4661985302 379589.289199203,913
50548.8701608101 379671.261060569,914
45025.2813266411 379238.491995487,915
44553.0567279595 379696.189747673,916
44039.7152577422 380091.908183958,917
43427.5083601805 380805.844602396,918
38464.2562154449 384074.214023986,919
36581.6983574432 376550.137385261,920
33710.3639966498 386196.178799625,921
33922.2166641611 377456.325607749,922
32996.6491594787 377715.48855716,923
18790.9497761025 379381.405346017,924
206895.545784418 563828.816779941,925
207617.394550663 563864.856011609,926
207616.388186444 563864.790719587,927
206763.346355005 563822.219312476,928
251003.298860721 442645.147981833,929
174739.951614662 556790.441718539,930
256463.098213752 463128.569357212,931
230296.768119566 553309.631577259,932
229116.775930497 552100.318022787,933
231565.269039934 554583.789605217,934
248375.430210467 436397.359065751,935
115226.119181271 504008.32215927,936
114752.029651873 503350.29573057,937
117046.018636615 499005.261062723,938
117608.359288844 502637.865561569,939
118164.654876644 503977.19283235,940
117906.690800407 500744.431633444,941
118600.092277828 504019.646460784,942
59521.3081089557 389796.076868532,943
60019.3490916354 390004.018424721,944
198899.061172843 411885.831678672,945
128288.708831627 440804.89229573,946
128302.564746021 437824.337727536,947
127724.793146279 440100.242865583,948
239479.1394 577886.8113,949
241625.930478739 574380.54954729,950
242597.806674429 570553.031342209,951
239559.892154366 576113.506078382,952
242384.713879743 572715.473641451,953
241625.930478739 574380.54954729,954
106722.163957176 533180.387550056,955
108128.028156331 536506.600978384,956
193263.708824941 516014.125102847,957
14841.099314014 375339.457607213,958
14839.8788651722 375276.475127283,959
14857.64946475 376193.544645399,960
14738.1243392007 377429.782241854,961
14729.7938970049 377552.830630712,962
14843.7179232426 375870.066672771,963
73233.0486447485 373086.228546111,964
33124.5076385682 797802.742205619,965
3808.38073948121 679635.71399157,966
111222.808300039 648279.673202554,967
184277.815113576 487472.553981839,968
183143.933861692 487182.745934179,969
182478.76923666 486980.447180884,970
182684.673159129 487248.675336841,971
181245.568154193 486257.353312915,972
180463.016056046 486756.843915931,973
196868.435352021 492627.987159781,974
179573.26156283 464314.11394038,975
185291.827089901 464593.068356335,976
190243.267973097 468219.475763746,977
175528.422531487 468079.998555768,978
171767.523779324 470356.04877381,979
199479.1394 497886.8113,980
189479.1394 487886.8113,981
194479.1394 487886.8113,982
174479.1394 482886.8113,983
179479.1394 482886.8113,984
184479.1394 482886.8113,985
189479.1394 482886.8113,986
174479.1394 477886.8113,987
179479.1394 477886.8113,988
184479.1394 477886.8113,989
189479.1394 477886.8113,990
174479.1394 472886.8113,991
179479.1394 472886.8113,992
184479.1394 472886.8113,993
189479.1394 472886.8113,994
189479.1394 462886.8113,995
174479.1394 457886.8113,996
184479.1394 457886.8113,997
189479.1394 457886.8113,998
194479.1394 457886.8113,999
174479.1394 452886.8113,1000
179479.1394 452886.8113,1001
184479.1394 452886.8113,1002
194479.1394 452886.8113,1003
199479.1394 452886.8113,1004
179479.1394 447886.8113,1005
184479.1394 447886.8113,1006
189479.1394 447886.8113,1007
194479.1394 447886.8113,1008
199479.1394 447886.8113,1009
185952.666638024 451248.01388418,1010
183748.973724585 487151.583793082,1011
197207.180330517 452970.77356844,1012
199370.22940264 494122.267974769,1013
184628.17909559 479407.04384766,1014
184604.503365381 457682.034303144,1015
196375.441204942 486277.430389874,1016
192178.366822552 484747.901016978,1017
192134.67225806 447441.104068634,1018
192162.121920803 483601.279961398,1019
185823.905933015 445953.469523198,1020
191558.61244909 485397.668320953,1021
189658.555182878 492748.782543601,1022
189961.524432769 460053.87947628,1023
189832.396612525 448969.203873917,1024
188650.640822054 453220.891294601,1025
185639.117510721 489329.108160534,1026
187759.26085952 444319.693699518,1027
179077.073329511 446074.285711303,1028
180361.885044377 486142.084839446,1029
181237.593062472 476516.589682138,1030
180831.872460963 476629.81330917,1031
180383.080832689 442930.069686127,1032
180758.933390142 444178.194432608,1033
180176.880863505 469901.963695159,1034
177403.667784718 472232.268989365,1035
176965.388387257 484722.904303778,1036
198251.103317945 435421.084417659,1037
203176.196290863 434826.676645065,1038
199609.749655301 444889.151081115,1039
207549.339189231 453508.063783723,1040
208440.950848122 472104.535526297,1041
205237.067830662 493185.895991691,1042
174063.911847725 440045.079752322,1043
152602.632048972 441564.652395609,1044
162111.125763493 443667.492351705,1045
148652.950044479 424632.219357828,1046
158783.152963411 431964.73085691,1047
163208.25965363 433994.428553664,1048
167011.657139439 434012.714118499,1049
172826.466757165 433756.716210801,1050
209479.1394 462886.8113,1051
204479.1394 447886.8113,1052
154479.1394 442886.8113,1053
164479.1394 442886.8113,1054
194479.1394 442886.8113,1055
202525.231061521 495662.28899557,1056
203646.546014523 484241.532138788,1057
202855.10922793 486944.243480203,1058
185556.921580018 431327.306009068,1059
183764.142424259 431157.042066901,1060
180869.655407419 432949.82122266,1061
174109.175350787 434992.988528664,1062
176973.615789597 433400.519893102,1063
169211.583131982 435353.547465018,1064
160728.43260166 434061.54460975,1065
160077.423411021 432809.603858522,1066
157082.781134084 428663.176090454,1067
154829.287781873 427421.250865236,1068
152916.322313996 423635.382033522,1069
200990.663653334 435334.754855807,1070
210662.818634268 456776.053039453,1071
209911.054117991 459737.285895556,1072
209253.776740514 470954.086109325,1073
209739.329043741 458872.463797162,1074
209528.463538447 460390.015142047,1075
209966.239296929 469085.516655857,1076
209453.892769933 463047.652568193,1077
207258.03801509 454050.333816987,1078
208290.868833318 471195.89453027,1079
208193.45713887 472356.020831002,1080
207782.712418065 472882.079424487,1081
207943.682574624 466362.977911977,1082
206903.858185444 474122.289031799,1083
206928.536848666 453106.819081522,1084
206870.928012763 453079.289729686,1085
204472.013655183 479025.033693888,1086
204045.738386241 495706.953732883,1087
204416.424292873 447764.094325223,1088
200686.66074507 445840.013672397,1089
205384.217000315 494936.963499726,1090
203470.924219811 486008.225740466,1091
203414.23010378 431259.513522959,1092
203236.636210672 482597.542503549,1093
202528.001091367 498162.986460261,1094
201001.299760323 499711.855748557,1095
200956.355218412 500927.432951248,1096
200575.969970632 501419.585848748,1097
200486.011925721 500779.816533938,1098
200254.836564461 501281.358054371,1099
200102.497245266 501935.893566437,1100
198605.068643954 435574.07002339,1101
195950.406329962 504475.098139513,1102
196826.957623972 444329.971725088,1103
195230.186403689 442992.287352805,1104
194568.238072079 439565.613836046,1105
194426.606651752 504425.972527499,1106
194234.020093518 442146.629037124,1107
193985.966995507 504667.101435174,1108
194071.9254481 442453.542766905,1109
193266.965634585 440997.433914205,1110
193074.712417376 505202.718922111,1111
191790.294797462 507169.03505128,1112
191822.611846654 506157.944489104,1113
191759.957627869 506257.031234322,1114
190874.497980306 508652.86647907,1115
188726.254550887 510166.339147583,1116
188020.036805293 510229.276832399,1117
186899.721462092 430070.162189207,1118
187224.250311492 510570.321303597,1119
185114.75020251 510410.26690094,1120
186849.363983387 510784.67475822,1121
185580.624998601 431268.166985365,1122
185289.802693472 510812.056236163,1123
183267.185238287 431381.113806045,1124
182807.96452472 510734.791410744,1125
181295.144918272 432822.782846915,1126
182900.576896566 441167.0708627,1127
180233.39052842 442400.741493811,1128
174983.91114124 440514.278980383,1129
174830.560155386 434621.537218124,1130
176861.36379743 433334.056591255,1131
174807.330154445 441291.623618869,1132
172218.055628205 433858.108286266,1133
166427.809586211 433894.211788461,1134
168204.620383591 440554.392551325,1135
164441.482386332 442653.888807069,1136
165968.386961814 441319.78256447,1137
157246.696393752 429258.439878432,1138
161423.964357575 434081.779145297,1139
160351.855330032 444721.917211087,1140
159392.314358963 433467.199236166,1141
154874.359472213 443004.392083939,1142
157430.299028596 431487.63266517,1143
154966.57403156 442122.430868055,1144
149123.384817743 424833.241281268,1145
203131.072835284 496516.00534952,1146
195833.229434769 503983.535477088,1147
193913.933433619 504824.289470496,1148
191971.366238985 506469.718727884,1149
188779.604898267 509975.703419492,1150
184098.925248531 510628.670769188,1151
183588.708036963 510771.758995367,1152
161042.912479427 445091.969484042,1153
148761.14166888 425164.387909976,1154
193750.58732545 439581.938825815,1155
170559.056717549 439370.384615335,1156
147116.962598287 426149.921239184,1157
151724.924936863 425784.209942471,1158
191843.454186207 431361.307217335,1159
195701.708366522 430520.171234896,1160
204479.1394 487886.8113,1161
199479.1394 432886.8113,1162
194370.687522529 503739.781729468,1163
197372.765487223 504743.185240758,1164
207290.411112673 429148.668741354,1165
203030.463203562 432079.208603799,1166
206378.087829044 433069.097605957,1167
206630.059575048 430144.425554125,1168
197503.894249354 431471.032741008,1169
195664.599014658 428109.042271031,1170
193991.141874893 429194.527983311,1171
198546.923401131 436714.043832511,1172
196590.431972219 436256.77955219,1173
195031.235737685 436496.655895965,1174
202717.085141799 435398.543120664,1175
194589.740988914 502950.224483912,1176
211142.800096921 457688.261047923,1177
210515.684528046 458923.259644393,1178
209139.90408005 467748.622517848,1179
208706.122295487 467626.183711707,1180
207380.641781135 429108.919714426,1181
207046.258940841 453289.320756873,1182
206059.693540496 452993.767670059,1183
206064.740573315 491356.541395535,1184
205626.622983342 429306.00262409,1185
203623.843276998 487277.660522039,1186
204696.078187381 488430.072176267,1187
204084.791619426 479623.293986868,1188
204100.601196417 478231.351268821,1189
203042.131928074 430298.20344574,1190
202946.725004048 447331.181682644,1191
202335.928559059 486471.966075351,1192
203099.348120808 487072.561168286,1193
202960.354557813 481952.251927875,1194
203041.363759129 481018.42927743,1195
202901.082820652 487033.290027955,1196
202331.975982084 495053.376049395,1197
202449.552358631 430669.736694302,1198
200300.60904265 431319.057779958,1199
194076.371709972 430797.233956994,1200
198335.341135897 503388.540988258,1201
198088.699582994 502986.893711553,1202
197885.549065943 504877.373688485,1203
197554.089549362 504015.99536956,1204
197513.190463258 505185.482516974,1205
196984.889964909 443998.07863921,1206
197398.345467295 505193.300849289,1207
194318.344464734 428666.067727374,1208
194329.507916866 439341.388132006,1209
192552.200099025 441421.483629315,1210
190603.324254343 508803.28008678,1211
187312.683189039 510800.134703991,1212
185754.964000345 510809.464097119,1213
179801.338006862 432483.274186067,1214
177272.341372625 433322.206125201,1215
170586.375739733 439849.050079787,1216
160701.025234396 443994.203641137,1217
158804.974420318 444448.277699667,1218
155793.390480925 428246.499167095,1219
151080.598517763 425846.816128115,1220
147263.969729597 426381.102306261,1221
145689.673744524 425885.896577089,1222
231857.356156187 488029.455626951,1223
72850.5743877858 451481.218085364,1224
69212.9938068434 447242.263295476,1225
67379.5358527394 445144.787395981,1226
71897.1762516517 443516.676732736,1227
71508.3466550345 443695.848886199,1228
68608.5564159665 445149.416587509,1229
68399.6831513694 444327.769541831,1230
197293.72271828 531438.495616075,1231
193131.14981561 532792.392707302,1232
193131.616799683 532790.224173464,1233
192335.354671501 536487.826441924,1234
245289.164980501 614340.180223346,1235
254669.58947977 608293.128641543,1236
145763.326092843 587183.590981611,1237
194479.1394 602886.8113,1238
219479.1394 602886.8113,1239
179479.1394 592886.8113,1240
274479.1394 587886.8113,1241
159479.1394 582886.8113,1242
119479.1394 547886.8113,1243
201563.490431443 604397.497423014,1244
227776.418801301 610854.382991873,1245
257132.334047395 597654.072109401,1246
144679.944996581 597274.455428945,1247
123448.863276811 562485.107643462,1248
267855.099050264 590897.036726001,1249
252917.320812075 608373.260985909,1250
162038.418289721 586264.940951017,1251
230579.628255047 604822.563759178,1252
78253.4598691767 407031.014025486,1253
73653.6815416882 390579.289969256,1254
60112.2059619467 378875.080338982,1255
60112.6272408333 378871.110324274,1256
60011.8333876358 379820.963479264,1257
176801.723067743 312920.744213459,1258
176701.254726743 309002.478914482,1259
176763.004774158 312840.699666165,1260
77563.5719622942 423488.355074413,1261
131464.245579448 463576.632855529,1262
135810.209511669 462658.471461398,1263
136788.646233829 467923.03125721,1264
136076.376616918 475570.930297557,1265
135876.672071332 473177.182201313,1266
135209.502601536 467139.419940391,1267
132458.567023691 465351.912402957,1268
133878.484405289 463007.433091932,1269
133178.130837821 469056.472252991,1270
133154.945459527 469442.948630536,1271
133059.071725871 462345.998553866,1272
133142.637007695 469778.363360847,1273
133132.384069725 469886.689919854,1274
133092.002533333 468725.454933333,1275
131237.979434189 471125.959173654,1276
137524.110780714 465188.516191893,1277
134479.1394 472886.8113,1278
133355.266982374 465992.835636697,1279
134457.909237623 469718.003636062,1280
135754.264221113 465651.053158177,1281
135123.848278146 470114.616990616,1282
136331.903843914 475604.259587399,1283
133411.446535428 472747.112203543,1284
134866.445083361 462516.834719699,1285
133526.336606656 462335.465491813,1286
99342.6781132517 484295.342032865,1287
95593.2278315894 479454.781880878,1288
128203.376411164 487383.693912007,1289
131702.878546101 484087.65120352,1290
132476.02436661 475583.047177917,1291
149729.383729555 493406.092934922,1292
